customer_id,name,email,phone,city,join_date
CUST-10000,Tanay Prasad,vinayaagrawal@example.net,08150785639,Ajman,2025-01-23
CUST-10001,Baghyawati Kala,htiwari@example.net,03898001085,Ajman,2024-03-10
CUST-10002,Pushti Tailor,ichandran@example.com,05078581260,Ajman,2025-06-22
CUST-10003,Rushil Sharaf,ozachariah@example.net,07183167961,Abu Dhabi,2025-02-06
CUST-10004,Isaac Balay,taraseshadri@example.com,01856272953,Dubai,2025-10-25
CUST-10005,Vritti Dhingra,rsachdev@example.net,7721799465,Ajman,2024-08-31
CUST-10006,Anay Bir,jason33@example.org,+914158633238,Dubai,2024-09-19
CUST-10007,Sudiksha Kannan,rajumohini@example.com,07261476706,Dubai,2024-05-17
CUST-10008,Netra Dhawan,netragrover@example.net,+919856134952,Dubai,2024-08-18
CUST-10009,Urishilla Dar,pallaanthony@example.net,9782908149,Sharjah,2025-08-24
CUST-10010,Gaurika Dar,balaykritika@example.org,03195846442,Sharjah,2024-01-05
CUST-10011,Rajata Cherian,odika19@example.com,5964190187,Sharjah,2025-07-11
CUST-10012,Aarnav Kaul,tarak33@example.net,08611846460,Abu Dhabi,2024-12-30
CUST-10013,Chatresh Chadha,sidhusaanvi@example.net,+914118429608,Ajman,2025-10-29
CUST-10014,Teerth Dada,kbora@example.org,+919096772693,Ajman,2025-07-29
CUST-10015,Bahadurjit Kuruvilla,ngoswami@example.net,+918890795772,Abu Dhabi,2025-12-24
CUST-10016,Anmol Bajwa,anirudhkala@example.com,4176791973,Ajman,2025-02-04
CUST-10017,Qushi Patel,rachita99@example.org,03113231227,Ajman,2024-05-07
CUST-10018,Vinaya Patla,isarma@example.org,+916082047897,Abu Dhabi,2024-10-23
CUST-10019,Nidhi Reddy,mohammedrandhawa@example.org,08561832299,Ajman,2024-01-21
CUST-10020,Eta Mann,shroffekalinga@example.com,+910235086071,Abu Dhabi,2024-08-01
CUST-10021,Nachiket Varkey,vedikaoza@example.com,+915518298234,Ajman,2025-12-22
CUST-10022,Zayan Ramakrishnan,sanayanarayan@example.com,5462423415,Ajman,2025-10-23
CUST-10023,Siya Buch,upkaarmannan@example.com,+910572872289,Sharjah,2024-02-01
CUST-10024,Jatin Ahuja,loyaljalsa@example.org,8988693604,Ajman,2025-01-13
CUST-10025,Anya Pandya,inayaratti@example.net,08496275993,Abu Dhabi,2025-08-14
CUST-10026,Gaurangi Biswas,jeremiahvarma@example.net,0703557141,Dubai,2024-09-12
CUST-10027,Forum Grewal,qsubramanian@example.org,+914316900442,Sharjah,2024-09-20
CUST-10028,Aditya Pant,osen@example.org,+916471646670,Ajman,2024-09-21
CUST-10029,Adya Krishna,zpatil@example.com,03717014279,Dubai,2025-09-02
CUST-10030,Nidra Mall,megha59@example.org,3243337131,Dubai,2025-07-14
CUST-10031,Aashi Das,reva22@example.net,08957489158,Abu Dhabi,2025-03-15
CUST-10032,Devansh Samra,mvenkataraman@example.org,00227131230,Dubai,2025-09-14
CUST-10033,Anay Roy,zsabharwal@example.net,04278073749,Sharjah,2024-11-24
CUST-10034,Divya Sura,viswanathannicholas@example.net,1340400867,Abu Dhabi,2025-07-02
CUST-10035,Ekanta Jhaveri,azadkrish@example.net,8402486651,Ajman,2025-11-05
CUST-10036,Tristan Kashyap,mangattanish@example.net,5245341995,Sharjah,2024-09-03
CUST-10037,Lopa Reddy,ibuch@example.net,9665747560,Dubai,2025-08-30
CUST-10038,Kamya Pandya,leela46@example.org,+913839245561,Abu Dhabi,2025-02-12
CUST-10039,Bhavya Thaman,kai75@example.org,9558667592,Abu Dhabi,2025-06-04
CUST-10040,Meera Nagi,kuruvillatristan@example.org,+911966420497,Ajman,2025-01-19
CUST-10041,Ekantika Koshy,tdara@example.net,08505367895,Ajman,2025-10-08
CUST-10042,Warda Gera,galaliam@example.com,06834031902,Abu Dhabi,2024-04-03
CUST-10043,Arya Shroff,teerthdugal@example.net,02976515703,Ajman,2025-04-03
CUST-10044,Sara Sodhi,yboase@example.net,+913284197758,Abu Dhabi,2025-06-25
CUST-10045,Advika Sethi,warhidixit@example.net,6394651543,Sharjah,2024-03-26
CUST-10046,Chanchal Mitter,parsajeevika@example.net,+919338874337,Abu Dhabi,2025-08-21
CUST-10047,Andrew Bhattacharyya,frederick67@example.com,01027645668,Abu Dhabi,2025-03-09
CUST-10048,Abdul Nath,falguni74@example.net,+918000655714,Sharjah,2025-10-31
CUST-10049,Yahvi Kant,yuvrajprabhu@example.org,+918359851175,Ajman,2024-03-11
CUST-10050,Mugdha Comar,charita26@example.com,+916329494069,Abu Dhabi,2024-02-03
CUST-10051,Falak Buch,bbadal@example.net,+910871283185,Ajman,2025-09-08
CUST-10052,Ojasvi Sabharwal,qgill@example.net,+912373808107,Ajman,2025-05-17
CUST-10053,Chatura Dass,urishilla39@example.com,03856081828,Dubai,2025-11-16
CUST-10054,Balvan Atwal,hanne@example.net,+911113629684,Abu Dhabi,2024-03-17
CUST-10055,Mekhala Lad,sarnaaadhya@example.net,+912636681243,Ajman,2025-12-01
CUST-10056,Om Rana,ramanjonathan@example.org,6245491258,Abu Dhabi,2024-05-23
CUST-10057,Wakeeta Seshadri,mohini37@example.com,5501162719,Dubai,2025-08-08
CUST-10058,Yagnesh Memon,idara@example.com,03240703041,Ajman,2025-12-12
CUST-10059,Harinakshi Jha,fiyaz84@example.org,5186046920,Abu Dhabi,2025-05-02
CUST-10060,Chavvi Atwal,priya64@example.com,2472199736,Ajman,2024-02-19
CUST-10061,Nimrat Bhat,krishna21@example.org,+915507380972,Dubai,2024-12-07
CUST-10062,Forum Jhaveri,gopalchander@example.com,4665174210,Ajman,2024-09-05
CUST-10063,Pranit Batta,madhavkibe@example.com,05315584403,Dubai,2025-09-24
CUST-10064,Chakradev Agate,kalawazir@example.net,+917873454851,Ajman,2024-06-03
CUST-10065,Pahal Trivedi,elijahmand@example.org,08286789528,Abu Dhabi,2024-11-25
CUST-10066,Garima Sachdev,balsarthak@example.org,+913565952296,Ajman,2025-03-28
CUST-10067,Adya Saran,rwalla@example.net,3875245903,Ajman,2024-07-10
CUST-10068,Rachita Banik,kmanne@example.net,3309998529,Sharjah,2024-08-31
CUST-10069,Nidhi Gill,yachana25@example.net,5434180612,Sharjah,2025-02-22
CUST-10070,Shivansh Issac,xmagar@example.org,06509173473,Dubai,2025-10-01
CUST-10071,Alexander Sood,sahafarhan@example.net,1091742057,Sharjah,2024-08-14
CUST-10072,Anmol Lata,aarnavmerchant@example.com,00483137950,Abu Dhabi,2025-06-30
CUST-10073,Zarna Suri,krishna47@example.net,6862221451,Abu Dhabi,2025-07-18
CUST-10074,Aishani Patel,xratta@example.com,0998925915,Abu Dhabi,2024-10-02
CUST-10075,Januja Sundaram,maharajjagrati@example.org,+910063665256,Abu Dhabi,2025-05-06
CUST-10076,Jasmit Salvi,nicholaskala@example.org,4653092269,Ajman,2025-02-20
CUST-10077,Victor Brahmbhatt,adyathakur@example.com,06921182617,Abu Dhabi,2025-10-29
CUST-10078,Ishaan Upadhyay,irya90@example.com,8796866503,Sharjah,2025-11-17
CUST-10079,Rajeshri Deshpande,wadhwavidhi@example.com,+914444271753,Ajman,2024-07-08
CUST-10080,Ganga Sinha,issacryan@example.com,9941042929,Dubai,2024-05-03
CUST-10081,Prisha Jani,bhavika41@example.com,7580674319,Ajman,2025-01-04
CUST-10082,Upkaar Das,dasvivaan@example.com,+911597448400,Sharjah,2024-06-29
CUST-10083,Finn Varghese,urvichatterjee@example.com,+915281617612,Abu Dhabi,2024-02-12
CUST-10084,Qarin Baral,lbehl@example.com,00208807751,Dubai,2024-08-04
CUST-10085,Dev Mohanty,zachariakalpit@example.com,+919668963080,Ajman,2024-01-29
CUST-10086,Leela Mukhopadhyay,ramanathanlogan@example.net,+915186123163,Abu Dhabi,2024-08-31
CUST-10087,Rajeshri Kaul,jradhakrishnan@example.com,06051714269,Sharjah,2024-10-02
CUST-10088,Yash Mohan,rohan65@example.com,09471838364,Sharjah,2025-10-23
CUST-10089,Bimala Lala,ppai@example.net,00499192111,Abu Dhabi,2025-10-28
CUST-10090,Omya Cherian,bhanumati57@example.org,02124971246,Abu Dhabi,2025-11-13
CUST-10091,Jatin Magar,kmani@example.org,+914154017450,Sharjah,2024-03-09
CUST-10092,Devansh Mohanty,jchaudry@example.net,+912255837623,Sharjah,2025-04-01
CUST-10093,Libni Oommen,elijah75@example.org,04229041180,Ajman,2024-02-09
CUST-10094,Alka Mitra,dbrahmbhatt@example.org,+919199924104,Sharjah,2024-10-11
CUST-10095,Ranbir Chana,madanishani@example.org,+914438506499,Dubai,2024-10-18
CUST-10096,Chasmum Upadhyay,viswanathandarsh@example.net,+914518481859,Ajman,2024-04-04
CUST-10097,Ekantika Dhaliwal,jrajagopalan@example.org,+918765267042,Dubai,2024-06-14
CUST-10098,Fiyaz Peri,arunimaoommen@example.net,+916707368063,Sharjah,2025-05-14
CUST-10099,Lucky Jani,ojain@example.org,6351757148,Sharjah,2025-10-19
CUST-10100,Sanya Chad,swaminathanvasana@example.net,5767590027,Ajman,2025-03-30
CUST-10101,Tamanna Madan,dubeyedhitha@example.net,1183658424,Dubai,2025-09-12
CUST-10102,Maanas Pandya,sahotajhalak@example.com,02043286852,Abu Dhabi,2025-03-27
CUST-10103,Onkar Ramaswamy,ddyal@example.net,1455138294,Sharjah,2025-12-27
CUST-10104,Jagdish Oommen,bahadurjit05@example.org,+912616863351,Sharjah,2025-01-10
CUST-10105,Unnati Pillay,krish93@example.net,4430793607,Dubai,2025-07-14
CUST-10106,Indira Karan,janya78@example.org,04437419718,Abu Dhabi,2025-10-22
CUST-10107,Ekalinga Pant,anita30@example.net,9779729440,Abu Dhabi,2025-07-14
CUST-10108,Champak Patla,nmadan@example.com,+914038147550,Ajman,2024-12-18
CUST-10109,Maya Nanda,logan38@example.com,9558794580,Dubai,2025-06-06
CUST-10110,Jatin Om,pooja75@example.net,+918224053317,Abu Dhabi,2024-03-21
CUST-10111,Rajeshri Agarwal,fitan15@example.net,+916520766932,Sharjah,2024-04-16
CUST-10112,Bhavya Sridhar,smane@example.net,+917854770653,Dubai,2025-08-26
CUST-10113,Omya Khare,tatacharita@example.net,05171208254,Sharjah,2024-12-25
CUST-10114,Ridhi Kumer,dkalita@example.net,02136992504,Abu Dhabi,2025-10-24
CUST-10115,Arjun Sampath,joshua94@example.net,+910745790444,Dubai,2025-12-21
CUST-10116,Faris Sachdeva,warhi42@example.net,02564778885,Abu Dhabi,2024-05-17
CUST-10117,Lucky Purohit,ekavirsharaf@example.net,+916253697360,Abu Dhabi,2025-10-15
CUST-10118,Owen Arora,vhegde@example.com,01811298478,Dubai,2025-10-18
CUST-10119,Brijesh Sahota,netra82@example.org,+917644516465,Ajman,2024-12-30
CUST-10120,Harita Shere,balalohit@example.net,08356036691,Dubai,2025-05-16
CUST-10121,Tanvi Deol,rakshachaudry@example.com,08469468777,Abu Dhabi,2025-10-06
CUST-10122,Bhavna Kothari,azadnarain@example.com,02871623064,Sharjah,2025-05-28
CUST-10123,Mitali Chhabra,masonchandra@example.net,+915270056475,Sharjah,2024-09-08
CUST-10124,Warhi Nagarajan,ikadakia@example.com,5676617089,Sharjah,2024-11-01
CUST-10125,Robert Arya,chahalvritti@example.com,01872880371,Dubai,2025-07-15
CUST-10126,Amaira Golla,vtailor@example.net,03127457059,Abu Dhabi,2024-09-03
CUST-10127,Mahika Rout,tamanna76@example.com,04969230644,Dubai,2025-07-09
CUST-10128,Hemal Bhagat,vbehl@example.net,2211632906,Abu Dhabi,2024-08-26
CUST-10129,Nikita Bir,sahamichael@example.com,2575934331,Abu Dhabi,2024-02-29
CUST-10130,Onveer Prakash,gokhalecharan@example.org,+917486234620,Abu Dhabi,2025-04-29
CUST-10131,Jeet Biswas,qarin85@example.net,08955144752,Dubai,2024-07-03
CUST-10132,Gautam Kannan,fmajumdar@example.net,08361745650,Dubai,2024-11-03
CUST-10133,Krish Gaba,azaanparmer@example.com,02253269511,Abu Dhabi,2025-12-22
CUST-10134,Eiravati Ratta,advik12@example.com,+910512641678,Dubai,2025-11-24
CUST-10135,Balhaar Buch,walivincent@example.org,05534778604,Ajman,2024-07-15
CUST-10136,Jacob Vora,vsarkar@example.net,2096331248,Ajman,2025-07-04
CUST-10137,Kritika Nagy,wriddhish72@example.com,04079811961,Ajman,2024-11-13
CUST-10138,Amruta Buch,vrittidate@example.org,02912301892,Sharjah,2025-11-10
CUST-10139,Nakul Andra,tanay23@example.com,+911678616076,Abu Dhabi,2025-11-20
CUST-10140,Hitesh Jain,koshybanjeet@example.com,+913959462167,Sharjah,2025-04-08
CUST-10141,Mohini Sama,binabava@example.com,+913807197834,Abu Dhabi,2025-04-04
CUST-10142,Ria Nath,aaravmadan@example.com,1192926218,Ajman,2025-05-24
CUST-10143,Jeevika Kaul,ekaja02@example.org,7409536717,Dubai,2024-06-01
CUST-10144,Anya Hayer,yashodashetty@example.com,4592581529,Ajman,2025-09-25
CUST-10145,Bhavini Banerjee,zinal38@example.org,09856845763,Ajman,2024-01-16
CUST-10146,Maanav Chhabra,yagneshdevan@example.org,+917379642403,Abu Dhabi,2025-09-24
CUST-10147,Zehaan Bhagat,petersaraf@example.com,02916792511,Sharjah,2024-05-29
CUST-10148,Chanchal Chokshi,widisha18@example.com,+912143164916,Dubai,2024-11-22
CUST-10149,Kiaan Sur,ishah@example.net,2462196247,Sharjah,2024-10-26
CUST-10150,Viraj Lalla,ldar@example.com,03035513324,Dubai,2024-01-03
CUST-10151,Yashica Acharya,girish58@example.net,03893906124,Abu Dhabi,2025-07-13
CUST-10152,Ekani Kakar,nrajagopalan@example.org,+919379079346,Dubai,2025-04-28
CUST-10153,Sathvik Bhargava,lajita40@example.com,+919292761045,Ajman,2025-10-13
CUST-10154,Ranveer Kapur,upall@example.net,+911337982021,Sharjah,2025-04-17
CUST-10155,Kamala Oommen,patrick14@example.com,+912523503338,Abu Dhabi,2024-04-25
CUST-10156,Urvi Handa,balvan09@example.com,00933590287,Abu Dhabi,2025-07-23
CUST-10157,Laksh Sane,smody@example.com,+917707776680,Dubai,2025-10-05
CUST-10158,Jonathan Sridhar,wriddhishmemon@example.net,03012500871,Dubai,2024-03-07
CUST-10159,Upma Dutta,modiyauvani@example.com,+918591447468,Abu Dhabi,2025-09-04
CUST-10160,Harsh Bawa,yashoda88@example.net,08404867201,Sharjah,2024-08-25
CUST-10161,Chasmum Chacko,advaithbaral@example.net,9921870330,Abu Dhabi,2024-03-24
CUST-10162,Yashvi Mannan,urvichahal@example.net,9912936918,Dubai,2024-01-06
CUST-10163,Maya Dutt,jagvi50@example.net,+914211385583,Sharjah,2024-07-20
CUST-10164,Niharika Rama,royharini@example.net,3975729564,Abu Dhabi,2025-03-23
CUST-10165,Irya Dani,ydas@example.org,05460331857,Ajman,2024-12-27
CUST-10166,Onkar Kunda,lila88@example.org,08933812957,Ajman,2025-10-18
CUST-10167,Maanav Sundaram,nandaaryan@example.com,9841275233,Sharjah,2025-01-10
CUST-10168,Indrajit Prasad,oratti@example.org,3033706147,Sharjah,2024-10-29
CUST-10169,Rachita Gole,saksham59@example.org,4874443260,Ajman,2025-11-09
CUST-10170,Nimrat Ghose,upurohit@example.com,08279058890,Abu Dhabi,2024-12-03
CUST-10171,Vasatika Bansal,inaya08@example.org,02307832092,Ajman,2024-11-16
CUST-10172,Brinda Karpe,iyohannan@example.com,+914848046447,Abu Dhabi,2025-03-18
CUST-10173,Vamakshi Chandran,regeviraj@example.com,4783856879,Abu Dhabi,2024-07-28
CUST-10174,Samesh Sabharwal,gavin59@example.org,8596740479,Ajman,2025-10-10
CUST-10175,Chanchal Pandey,jpatla@example.net,3900591021,Sharjah,2024-04-12
CUST-10176,Elijah Pall,psarraf@example.net,0506611077,Ajman,2025-12-11
CUST-10177,Harshil Nagarajan,omkaarkuruvilla@example.net,+913447740817,Dubai,2024-07-04
CUST-10178,Tripti Vasa,mohansuhani@example.org,07346578695,Abu Dhabi,2024-09-24
CUST-10179,Qadim Nadig,kalpit94@example.com,05540824137,Ajman,2024-11-29
CUST-10180,Anay Raja,simon22@example.com,+911123352656,Ajman,2024-09-18
CUST-10181,Vedant Atwal,sanyabatta@example.org,09926579612,Dubai,2025-06-03
CUST-10182,Aadhya Gour,nagarajandhruv@example.net,00452128477,Abu Dhabi,2025-04-21
CUST-10183,Lopa Morar,aarini22@example.org,+916141762403,Ajman,2025-05-29
CUST-10184,Watika Sem,akshayreddy@example.com,01754388421,Ajman,2025-04-30
CUST-10185,Naksh Kannan,ushanker@example.net,5872368872,Ajman,2025-04-01
CUST-10186,Zayyan Chauhan,qarin20@example.net,01155141437,Dubai,2024-11-18
CUST-10187,Daksh Pradhan,ranbir43@example.net,07043411574,Abu Dhabi,2024-07-22
CUST-10188,Ekansh Sheth,divya67@example.org,3846142748,Dubai,2024-02-17
CUST-10189,Faraj Bansal,tarakumer@example.com,03415533257,Abu Dhabi,2025-05-19
CUST-10190,Darpan Bose,xavier78@example.com,01090837378,Dubai,2025-05-27
CUST-10191,Charvi Murty,charles06@example.net,01674805822,Dubai,2025-12-22
CUST-10192,Maanas Rai,oni28@example.net,+911793396180,Dubai,2024-04-16
CUST-10193,Thomas Nair,gaurang69@example.org,+919868807675,Dubai,2025-09-22
CUST-10194,Kevin Mahal,gauravbala@example.net,7328771733,Sharjah,2025-07-11
CUST-10195,Lakshmi Bora,niharikakhurana@example.com,+918485465754,Ajman,2025-02-13
CUST-10196,Vyanjana Mukherjee,bkaur@example.com,+917367410615,Sharjah,2025-02-04
CUST-10197,Balendra Borde,small@example.org,07187343122,Dubai,2025-01-16
CUST-10198,Ati Ben,aditya22@example.com,2338053578,Ajman,2024-09-24
CUST-10199,Bishakha Batra,sai27@example.org,+919280188929,Ajman,2025-10-18
CUST-10200,Triveni Natarajan,wbala@example.com,04861458889,Ajman,2025-10-06
CUST-10201,Kashish Sheth,dhillonveda@example.net,05347178292,Ajman,2024-10-01
CUST-10202,Sara Sodhi,adya72@example.net,+911252419004,Dubai,2025-09-29
CUST-10203,Siya Nath,nidhi02@example.com,+917508115221,Sharjah,2024-12-08
CUST-10204,Faras Balan,warhi86@example.org,3309940517,Sharjah,2025-12-25
CUST-10205,Libni Sridhar,kala49@example.com,09505229167,Ajman,2025-02-04
CUST-10206,Ria Kaul,varmaayaan@example.org,07506129813,Sharjah,2025-12-26
CUST-10207,Odika Kumer,radhikasavant@example.net,05297715348,Abu Dhabi,2025-07-27
CUST-10208,Yashodhara Bhakta,qmangat@example.com,+911881509499,Dubai,2025-03-26
CUST-10209,Indali Pai,shivani37@example.com,1996785120,Ajman,2025-07-03
CUST-10210,Garima De,chaman09@example.net,09996117694,Abu Dhabi,2025-10-01
CUST-10211,Tristan Seshadri,pandeyanamika@example.com,05664358237,Ajman,2024-02-24
CUST-10212,Megha Chokshi,lsami@example.com,1196996821,Ajman,2025-12-27
CUST-10213,Liam Patla,jonathan03@example.net,09386950045,Sharjah,2024-10-12
CUST-10214,Harinakshi Ganesan,shivanshnarain@example.net,+919887791491,Dubai,2025-12-21
CUST-10215,Kashvi Rana,ronithbalakrishnan@example.org,0552643671,Dubai,2024-12-20
CUST-10216,Girindra Morar,oviya24@example.org,01444002730,Abu Dhabi,2025-12-19
CUST-10217,Qabil Magar,jackthaker@example.net,3028911228,Abu Dhabi,2024-12-21
CUST-10218,Patrick Ramachandran,yochana23@example.net,2024684769,Dubai,2025-04-30
CUST-10219,Ekiya Jaggi,yashica57@example.org,+915918383755,Abu Dhabi,2024-12-16
CUST-10220,Radha Singh,amrutakota@example.org,08149731597,Dubai,2024-11-27
CUST-10221,Lakshit Shenoy,urvashi05@example.org,05607214919,Dubai,2024-08-10
CUST-10222,Qasim Mitter,behlfaris@example.org,+914477414521,Ajman,2025-09-01
CUST-10223,Qadim Behl,utkarsharya@example.com,00656824787,Abu Dhabi,2025-10-02
CUST-10224,Amruta Dar,krishnisha@example.org,+912001488405,Dubai,2025-04-30
CUST-10225,Liam Toor,bahlzashil@example.com,02108233174,Abu Dhabi,2024-11-08
CUST-10226,Nidra Khatri,yashica12@example.com,09618633965,Abu Dhabi,2024-11-19
CUST-10227,Vasana Jha,ranbirbawa@example.com,09245982555,Ajman,2024-04-03
CUST-10228,Harrison Srivastava,pahal02@example.org,1166833287,Abu Dhabi,2024-12-21
CUST-10229,Balvan More,jairajtiwari@example.com,2658794060,Ajman,2024-02-02
CUST-10230,Naksh Dutta,yashvikibe@example.net,1199335226,Dubai,2024-01-24
CUST-10231,Pavani Prabhakar,bpingle@example.org,04715990786,Dubai,2024-06-19
CUST-10232,Faras Hegde,qganguly@example.com,+913011708481,Sharjah,2025-01-03
CUST-10233,Ijaya Padmanabhan,lkhurana@example.com,2775465749,Abu Dhabi,2024-10-25
CUST-10234,Parth Bhagat,wallaisaac@example.org,07897074935,Dubai,2024-04-09
CUST-10235,Niharika Oak,neel48@example.org,3629928045,Ajman,2024-09-05
CUST-10236,Jagdish D’Alia,nirja54@example.net,+912564319462,Sharjah,2024-09-17
CUST-10237,Nitesh Bhatia,urishillabumb@example.org,7590181961,Sharjah,2024-04-30
CUST-10238,Eshana Lall,hemangjain@example.com,02458870280,Abu Dhabi,2024-04-20
CUST-10239,Raagini Walia,tamannadhawan@example.net,5676004182,Sharjah,2024-10-23
CUST-10240,Sudiksha Kaur,fredericksom@example.net,+917048366919,Dubai,2025-07-12
CUST-10241,Mugdha Andra,lakshit56@example.net,8590084969,Dubai,2025-07-06
CUST-10242,Naveen Dara,samachampak@example.com,+917387240083,Ajman,2024-08-20
CUST-10243,Vincent Shah,baralnirja@example.org,+918504544378,Dubai,2025-04-16
CUST-10244,Yoshita Krishnan,rbanerjee@example.net,+913102536067,Abu Dhabi,2025-06-22
CUST-10245,Kamala Gour,lallnirja@example.org,+914419038943,Dubai,2025-06-30
CUST-10246,Turvi Shroff,sehgalbalveer@example.com,09095977544,Abu Dhabi,2024-03-06
CUST-10247,Sai Sood,falan55@example.org,03375420130,Ajman,2025-11-01
CUST-10248,Anya Chada,dharyagnesh@example.org,08996073046,Ajman,2024-12-27
CUST-10249,Warhi Mahal,sneha31@example.com,02846797597,Ajman,2024-04-16
CUST-10250,Raghav Sami,bhattacharyyadipta@example.net,09068540504,Dubai,2024-06-27
CUST-10251,Forum Lala,adwetatella@example.net,08403135889,Sharjah,2024-12-08
CUST-10252,Zinal Palan,urmimaster@example.net,0560971937,Dubai,2025-11-13
CUST-10253,Eiravati Batta,onveermammen@example.net,09749130484,Abu Dhabi,2025-08-28
CUST-10254,Upasna Tiwari,inaya52@example.net,01529913522,Sharjah,2024-09-17
CUST-10255,Peter Choudhry,vinaya42@example.org,02285406784,Dubai,2024-12-15
CUST-10256,Ekani Thaman,inaya35@example.com,2228331798,Ajman,2025-12-24
CUST-10257,Dalbir Sen,gagate@example.com,03730365034,Ajman,2025-02-01
CUST-10258,Chandani Sarkar,dprashad@example.net,06787087592,Ajman,2025-07-14
CUST-10259,Watika Keer,guptarohan@example.com,+913703614750,Ajman,2024-06-06
CUST-10260,Krish Setty,vasudhaprashad@example.net,+915324480063,Dubai,2025-07-01
CUST-10261,Rohan Varughese,madanzaitra@example.org,5255404575,Ajman,2025-03-25
CUST-10262,Janaki Vohra,srinivasanfalak@example.org,1274116236,Dubai,2024-07-20
CUST-10263,Gagan Ben,raghavagrawal@example.com,02167441136,Sharjah,2025-08-12
CUST-10264,Yashvi Prashad,desaikrishna@example.org,9851727264,Ajman,2024-03-24
CUST-10265,Eesha Banik,nihal85@example.com,9374176902,Ajman,2025-08-20
CUST-10266,Manan Parmar,narasimhanunnati@example.net,7981976507,Dubai,2024-06-20
CUST-10267,Aadi Mannan,siddharth63@example.net,08139438938,Sharjah,2025-03-15
CUST-10268,Vasana Varghese,boaseanirudh@example.com,01939571367,Ajman,2024-08-03
CUST-10269,Jatin Jhaveri,benjamin77@example.com,07856047211,Sharjah,2025-01-11
CUST-10270,Abeer Kant,devanshmukherjee@example.org,01917750015,Abu Dhabi,2025-07-26
CUST-10271,Jonathan Raval,landra@example.net,+911196107693,Dubai,2024-10-15
CUST-10272,Dhriti Mand,bnair@example.org,09858177084,Ajman,2025-03-26
CUST-10273,Praneel Sha,gillunni@example.org,+910126145971,Sharjah,2024-03-27
CUST-10274,Viraj Anne,ysrivastava@example.net,+911310256067,Ajman,2025-05-23
CUST-10275,Onveer Bassi,pratyush61@example.com,09660378108,Ajman,2024-10-28
CUST-10276,Bhanumati Sha,xiti38@example.com,01236720868,Dubai,2025-05-11
CUST-10277,Triya Shere,triptisood@example.com,08087380624,Dubai,2024-07-04
CUST-10278,Vedhika Agarwal,onkarkumer@example.net,06661734617,Sharjah,2024-03-31
CUST-10279,Veda Rout,onkar92@example.com,2379942719,Dubai,2025-05-01
CUST-10280,Qadim Batta,chandani46@example.com,4327812531,Dubai,2024-09-18
CUST-10281,Darsh Bhatti,darpan04@example.net,7940672125,Abu Dhabi,2024-02-06
CUST-10282,Wazir Wason,sbrar@example.org,03023883067,Ajman,2024-05-24
CUST-10283,Peter Madan,taraeiravati@example.net,7217661780,Dubai,2024-06-28
CUST-10284,Indira Anne,varshakari@example.org,+919407386054,Ajman,2024-03-02
CUST-10285,Faras Buch,advaithranganathan@example.com,+918867826205,Sharjah,2025-07-23
CUST-10286,Faris Mukhopadhyay,ikshita99@example.net,+919859891361,Sharjah,2025-11-18
CUST-10287,Rudra Lanka,bakhshi89@example.org,1487946229,Dubai,2024-07-23
CUST-10288,Alka Saran,sathvik86@example.com,+915008584231,Dubai,2024-02-18
CUST-10289,Saksham Dhar,garima31@example.org,06043563642,Abu Dhabi,2025-09-17
CUST-10290,Balvan Desai,xkhosla@example.com,+911460759771,Ajman,2024-08-04
CUST-10291,Sudiksha Dugar,dsaini@example.net,4166853100,Dubai,2024-10-19
CUST-10292,Ucchal Divan,krishishanvi@example.com,08099609498,Abu Dhabi,2025-08-13
CUST-10293,Laksh Sabharwal,deepcharan@example.com,0700076082,Sharjah,2024-08-12
CUST-10294,Imaran Karnik,kranganathan@example.org,+918723178336,Dubai,2025-09-13
CUST-10295,Ishanvi Khanna,nkrishnamurthy@example.com,06785488666,Sharjah,2024-04-02
CUST-10296,Vasatika Majumdar,forumpai@example.com,+919146858132,Ajman,2024-05-24
CUST-10297,Om Mall,dhingragaurang@example.org,05982054764,Abu Dhabi,2024-06-01
CUST-10298,Geetika Misra,pillayarunima@example.org,+914420218650,Sharjah,2025-10-18
CUST-10299,Gavin Apte,yashvimandal@example.com,9638275517,Dubai,2025-06-03
CUST-10300,Onveer Mahajan,idika55@example.com,6701337731,Ajman,2024-11-14
CUST-10301,Kashvi Rajan,jasmithora@example.net,+916510746740,Abu Dhabi,2025-05-17
CUST-10302,Aryan Bava,ljayaraman@example.net,3249802699,Abu Dhabi,2024-08-15
CUST-10303,Ikbal Kar,sbahri@example.org,6699493720,Dubai,2024-02-14
CUST-10304,Thomas Shroff,lnarang@example.net,00330408889,Abu Dhabi,2025-03-07
CUST-10305,Xalak Borde,rayaanbhattacharyya@example.com,3651046935,Ajman,2025-04-13
CUST-10306,Aryan Dua,nazarethgaurang@example.com,7867886773,Abu Dhabi,2024-12-14
CUST-10307,Jeevika Joshi,zaitrahans@example.net,2469931348,Ajman,2025-06-21
CUST-10308,Ishani Sandhu,paurora@example.com,+913654647306,Dubai,2025-02-03
CUST-10309,Watika Sha,arya25@example.net,3103312966,Abu Dhabi,2025-02-10
CUST-10310,Aarnav Sankaran,samarthlall@example.org,+919232619925,Abu Dhabi,2024-12-16
CUST-10311,Ladli Banerjee,rramakrishnan@example.org,09110966408,Abu Dhabi,2025-09-09
CUST-10312,Balvan Rout,bavahiral@example.org,02198775595,Ajman,2025-10-05
CUST-10313,Girik Mann,logansarma@example.net,+910596332448,Sharjah,2025-04-21
CUST-10314,Samuel Lall,dhawantristan@example.net,06680735740,Ajman,2024-05-16
CUST-10315,Ayaan Bava,vritti92@example.com,02267412472,Sharjah,2024-12-14
CUST-10316,Idika Khanna,banikekta@example.org,09612141063,Ajman,2025-09-06
CUST-10317,Eshana Gour,vritti47@example.com,6583326601,Abu Dhabi,2025-09-19
CUST-10318,Max Sachdeva,hiralnath@example.com,06844154375,Dubai,2024-06-02
CUST-10319,Parth Date,chakradharsuresh@example.com,08427614676,Dubai,2025-12-01
CUST-10320,Januja Sachdeva,wmaster@example.org,01403036333,Sharjah,2025-02-14
CUST-10321,Farhan Dora,etadoctor@example.com,+915787106227,Dubai,2025-10-06
CUST-10322,Shaurya Saxena,darpansodhi@example.com,6508477597,Ajman,2024-06-05
CUST-10323,Sai Subramanian,ekalingapatil@example.net,3734933414,Abu Dhabi,2024-08-28
CUST-10324,Lajita Swamy,unnatisodhi@example.net,+917704515980,Ajman,2024-06-21
CUST-10325,Kabir Vohra,alexanderraman@example.net,01220437356,Ajman,2025-04-11
CUST-10326,Waida Rout,jason97@example.net,01457305621,Abu Dhabi,2024-07-14
CUST-10327,Tarak Goda,pchandra@example.org,+913906931415,Dubai,2025-03-08
CUST-10328,Vedant Mann,jhalakgara@example.org,00146870719,Abu Dhabi,2025-01-14
CUST-10329,Max Tiwari,yahvioak@example.org,9014927259,Ajman,2025-04-09
CUST-10330,William Verma,aluthra@example.com,+912970674504,Sharjah,2025-06-01
CUST-10331,Eta Mitter,eshana00@example.com,06135489946,Dubai,2025-03-17
CUST-10332,Ranveer Ray,aryazansi@example.com,+919106924889,Sharjah,2024-08-22
CUST-10333,Chakradhar Khanna,hemangissac@example.com,01673462488,Abu Dhabi,2025-08-10
CUST-10334,Sudiksha Munshi,dwadhwa@example.org,06081619017,Abu Dhabi,2024-06-20
CUST-10335,Theodore Sabharwal,leena37@example.net,00630849309,Dubai,2025-02-12
CUST-10336,Warda Raja,palllakshmi@example.com,2354125340,Abu Dhabi,2024-08-22
CUST-10337,Madhav Kar,balvanvirk@example.net,09696004008,Abu Dhabi,2024-08-04
CUST-10338,Mason Prashad,aseshadri@example.com,+913390444597,Dubai,2025-02-11
CUST-10339,Dalaja Saha,surethan@example.net,+919701413449,Dubai,2025-06-26
CUST-10340,Radha Gour,ksama@example.net,+913944549210,Dubai,2024-01-18
CUST-10341,Krisha Sandal,ypalan@example.org,+917213905337,Ajman,2024-04-07
CUST-10342,Ekavir Nanda,gsehgal@example.com,+918469052832,Abu Dhabi,2024-04-11
CUST-10343,Vinaya Magar,lsrinivasan@example.com,+916088048673,Ajman,2024-04-14
CUST-10344,Sanaya Prashad,charlesdada@example.com,01396592586,Sharjah,2025-11-09
CUST-10345,Harinakshi Gokhale,amara35@example.com,6576566419,Dubai,2025-12-05
CUST-10346,Ayush Morar,bhavini14@example.com,05077656114,Abu Dhabi,2025-04-24
CUST-10347,Kiaan Nagar,sarthakmisra@example.org,03952019211,Abu Dhabi,2025-07-19
CUST-10348,Eshana Arya,gautammanne@example.org,+912425975369,Ajman,2025-09-12
CUST-10349,Chandran Brar,onveer37@example.org,+913471458637,Ajman,2025-01-24
CUST-10350,Samesh Prashad,hmunshi@example.net,05536334201,Dubai,2024-06-09
CUST-10351,Forum Sarma,tmittal@example.com,07480674292,Abu Dhabi,2023-12-31
CUST-10352,Chatura Peri,dakshesh77@example.org,8977527320,Sharjah,2025-07-18
CUST-10353,Girish Chandran,siyadyal@example.com,6750787628,Dubai,2024-12-26
CUST-10354,Amruta Gandhi,mannansiddharth@example.org,+914470520950,Ajman,2024-10-26
CUST-10355,Daksha Wason,mitali20@example.org,00328509727,Ajman,2024-09-24
CUST-10356,Sai Bali,neelima88@example.com,03517301391,Sharjah,2025-05-21
CUST-10357,Chandani Kala,igandhi@example.net,2380610846,Abu Dhabi,2024-03-03
CUST-10358,Xiti Rai,rkeer@example.com,8961862499,Sharjah,2025-03-26
CUST-10359,Manan Bhargava,reyansh55@example.com,09570176451,Abu Dhabi,2024-07-21
CUST-10360,Upkaar Banik,nsibal@example.net,9285777121,Sharjah,2024-03-28
CUST-10361,Advika Maharaj,lmani@example.net,08699202253,Sharjah,2024-12-01
CUST-10362,Alka Bumb,gayathrivig@example.com,8078462249,Ajman,2025-08-18
CUST-10363,Vihaan Deshmukh,advaybaria@example.com,8792341461,Dubai,2025-12-17
CUST-10364,Ishanvi Bajwa,lavanyamital@example.net,+918193871716,Dubai,2024-07-27
CUST-10365,Sai Ramanathan,vkale@example.net,0348520959,Abu Dhabi,2024-07-17
CUST-10366,Ronith Savant,ekavir86@example.org,06844053426,Abu Dhabi,2025-02-02
CUST-10367,Yochana Tank,seshadriijaya@example.org,05439836780,Ajman,2024-11-11
CUST-10368,Meera Ahluwalia,tandonabhimanyu@example.net,00461703269,Sharjah,2025-03-04
CUST-10369,Dayita Soni,anamikakrishnamurthy@example.org,+915446723788,Abu Dhabi,2025-12-25
CUST-10370,Aadhya Mannan,shankarwilliam@example.com,+912746198574,Abu Dhabi,2024-06-03
CUST-10371,Mahika Gole,nitesh67@example.net,+911742074518,Dubai,2025-02-11
CUST-10372,Pallavi Sharma,rradhakrishnan@example.org,6392811133,Abu Dhabi,2024-03-04
CUST-10373,Tarak Handa,pillailekha@example.org,05369985141,Dubai,2025-03-25
CUST-10374,Manthan Dalal,warinderdayal@example.org,+914449883976,Ajman,2024-05-23
CUST-10375,Qarin Dayal,shroffdevansh@example.net,+912757475097,Sharjah,2025-04-08
CUST-10376,Krisha Prakash,sastrylaksh@example.com,06241986429,Ajman,2024-05-27
CUST-10377,Ansh Mander,ksant@example.org,+917245613613,Sharjah,2025-06-09
CUST-10378,Aachal Wable,frastogi@example.net,02243234741,Sharjah,2025-01-12
CUST-10379,Advik Chaudhry,tjaggi@example.org,+913075632924,Sharjah,2024-06-11
CUST-10380,Reva Kanda,pinglechavvi@example.com,+911539419313,Abu Dhabi,2025-03-30
CUST-10381,Nikita Chauhan,oprabhakar@example.org,02183083119,Abu Dhabi,2025-12-23
CUST-10382,Chakradhar Wali,harshil77@example.com,4107324625,Ajman,2024-03-15
CUST-10383,Champak Krish,zilmil04@example.com,+916639263116,Abu Dhabi,2024-02-18
CUST-10384,Siddharth Pillai,qborde@example.org,01652898084,Sharjah,2025-09-13
CUST-10385,Harita Issac,naveengour@example.net,01336472399,Abu Dhabi,2025-10-29
CUST-10386,Hemal Ganesan,dewanliam@example.net,0871281687,Dubai,2025-02-08
CUST-10387,Zaid Borah,nverma@example.com,04993315830,Abu Dhabi,2025-04-03
CUST-10388,Abhiram Walla,dhingradaksha@example.net,07178417694,Sharjah,2025-08-15
CUST-10389,Upasna Boase,sridharekalinga@example.com,6471828345,Dubai,2025-12-02
CUST-10390,Eshana Korpal,saragandhi@example.net,+916136063259,Sharjah,2024-04-02
CUST-10391,Timothy Raval,sathvik67@example.net,7357581758,Abu Dhabi,2025-08-28
CUST-10392,Leela Kade,bakhshibatra@example.com,08461396848,Ajman,2025-01-22
CUST-10393,Sathvik Ranganathan,tamannatank@example.com,02030190021,Abu Dhabi,2024-10-26
CUST-10394,Kai Krishnan,imaranmani@example.net,4126787462,Dubai,2024-03-27
CUST-10395,Bishakha Roy,datesaumya@example.net,9311366050,Ajman,2025-10-31
CUST-10396,Ronith Buch,raaginiwalla@example.com,9052993705,Sharjah,2025-06-03
CUST-10397,Hritik Balasubramanian,ekansh32@example.com,4213701354,Ajman,2024-01-06
CUST-10398,Baljiwan Mallick,qdhillon@example.com,02682768411,Dubai,2025-07-30
CUST-10399,Imaran Char,gkhosla@example.org,02823255073,Dubai,2025-08-02
CUST-10400,Tanmayi Sidhu,qushi48@example.com,+919227692747,Abu Dhabi,2024-01-12
CUST-10401,Aradhana Goswami,niharikacomar@example.org,06687451460,Dubai,2025-09-05
CUST-10402,Ishanvi Tella,pushtiwali@example.com,+915594563730,Ajman,2024-10-12
CUST-10403,Mason Golla,srivastavaedhitha@example.org,02386882534,Ajman,2024-06-29
CUST-10404,Vedika Jaggi,abora@example.org,09010529475,Ajman,2025-05-03
CUST-10405,Ladli Sathe,wbhavsar@example.net,04264616473,Abu Dhabi,2025-10-24
CUST-10406,Aryan Jaggi,spradhan@example.org,01194976185,Sharjah,2024-06-08
CUST-10407,Akshay Doshi,bvaidya@example.net,05278059385,Ajman,2024-07-29
CUST-10408,Aayush Chawla,wrideshpalan@example.org,05465397574,Ajman,2025-07-23
CUST-10409,Hemal Bahri,jalsasetty@example.org,06990221452,Abu Dhabi,2024-07-29
CUST-10410,Chameli Pal,victor37@example.com,+910580896885,Dubai,2024-04-14
CUST-10411,George Doctor,dhingraubika@example.org,2262843512,Ajman,2024-05-31
CUST-10412,Chaitaly Dhaliwal,jacksonlata@example.net,+917086203148,Sharjah,2024-04-29
CUST-10413,Yatan Bhandari,siddharth94@example.com,+913252367408,Abu Dhabi,2025-09-12
CUST-10414,Raksha Mutti,jyotinagarajan@example.com,05620429244,Abu Dhabi,2024-12-17
CUST-10415,Nandini Madan,ydin@example.net,06049535521,Sharjah,2024-05-04
CUST-10416,Charita Parmer,vanyatata@example.com,06988527618,Sharjah,2025-06-07
CUST-10417,Raghav Prakash,kalpitgoswami@example.com,6918969089,Dubai,2024-11-22
CUST-10418,Reva Mitra,cchandran@example.com,+912533990013,Sharjah,2025-01-17
CUST-10419,Pranit Chokshi,farhan45@example.com,+914952500128,Ajman,2025-04-23
CUST-10420,Widisha Baral,varshakale@example.com,4847318576,Abu Dhabi,2024-01-07
CUST-10421,Faris Dey,eiravati22@example.org,+911058840043,Abu Dhabi,2025-04-18
CUST-10422,Nandini Kumar,harinakshide@example.org,4855967428,Ajman,2024-06-02
CUST-10423,Nachiket Palla,umang18@example.org,08612252562,Dubai,2025-03-10
CUST-10424,Rajeshri Swamy,vwadhwa@example.com,05146994486,Sharjah,2025-06-16
CUST-10425,Ethan Sethi,hemanisachdev@example.net,+910324978699,Ajman,2025-03-07
CUST-10426,Utkarsh Mital,indalivohra@example.org,9337702054,Abu Dhabi,2024-10-06
CUST-10427,Zayan Dewan,parmarrachita@example.org,+918281627530,Dubai,2025-12-19
CUST-10428,Anay Sunder,talwarorinder@example.net,01652588033,Sharjah,2025-07-23
CUST-10429,Yashawini Johal,hrama@example.com,6706661186,Abu Dhabi,2025-06-15
CUST-10430,Qabil Choudhury,gauravdar@example.com,08318000362,Dubai,2024-10-27
CUST-10431,Praneel Mitter,aarna08@example.net,8502181524,Sharjah,2024-07-06
CUST-10432,Balendra Sachdeva,anay44@example.net,+915453788594,Dubai,2025-11-10
CUST-10433,Vincent Tata,zgokhale@example.com,+910921220075,Abu Dhabi,2025-05-10
CUST-10434,Yash Badami,triveni02@example.com,08932000766,Abu Dhabi,2024-06-01
CUST-10435,Yoshita Dar,inaya04@example.net,+915382485964,Ajman,2024-01-24
CUST-10436,Orinder Ramesh,champak51@example.org,03083096470,Sharjah,2024-10-10
CUST-10437,Udant Kulkarni,madhavi72@example.org,+915770841352,Sharjah,2024-08-17
CUST-10438,Unni Biswas,mchahal@example.org,00779247148,Dubai,2025-04-10
CUST-10439,Matthew Mann,sakshamsaha@example.net,+914033986818,Sharjah,2024-12-15
CUST-10440,Chaitaly Balay,udyati29@example.com,08716838033,Dubai,2024-06-21
CUST-10441,Jeevika Kalla,rachanapalla@example.net,4136942299,Dubai,2024-11-02
CUST-10442,Indira Basak,jnarang@example.net,+913080463814,Dubai,2024-11-06
CUST-10443,Nidra Oak,bhatnagaryagnesh@example.net,1381413411,Sharjah,2025-12-15
CUST-10444,Madhav Thakkar,mchar@example.com,5344808844,Dubai,2025-12-29
CUST-10445,Samuel Golla,bobalomisha@example.org,+919400124966,Dubai,2024-07-30
CUST-10446,Manan Badal,qtandon@example.net,+917867225528,Dubai,2024-11-14
CUST-10447,Aarush Sane,kashishnori@example.net,05808629316,Abu Dhabi,2024-07-17
CUST-10448,Noah Bhalla,dakshdatta@example.org,0302332896,Dubai,2025-07-20
CUST-10449,Laksh Misra,sudiksha27@example.org,9073099344,Abu Dhabi,2024-06-23
CUST-10450,Yashodhara Sarin,wazir21@example.org,07797386294,Abu Dhabi,2025-01-22
CUST-10451,Qasim Sabharwal,shivanikapadia@example.net,7984884134,Dubai,2025-07-02
CUST-10452,Ojasvi Vohra,myohannan@example.com,4827655009,Ajman,2025-08-15
CUST-10453,Dev Gaba,hredhaan35@example.org,9086830013,Abu Dhabi,2025-10-13
CUST-10454,Rudra Prakash,wkhare@example.com,07835523111,Dubai,2025-08-20
CUST-10455,Banjeet Banerjee,barmanbalvan@example.com,4961088252,Abu Dhabi,2024-06-30
CUST-10456,Saumya Madan,msrinivas@example.org,+917166993995,Sharjah,2024-06-17
CUST-10457,Bhanumati Sha,evyas@example.com,+918215636342,Ajman,2025-04-25
CUST-10458,Udarsh Dani,gunbir18@example.org,03380895560,Dubai,2025-10-14
CUST-10459,Aachal Tailor,bhavinisha@example.net,5344743314,Ajman,2025-11-21
CUST-10460,Vivaan Walia,vkamdar@example.org,06622225890,Sharjah,2024-08-27
CUST-10461,Lipika Dua,lajita31@example.net,03323539510,Sharjah,2024-11-29
CUST-10462,Falguni Sarna,ishadeep@example.org,01214850174,Ajman,2024-05-04
CUST-10463,Pavani Sunder,barkhapau@example.org,06999007500,Abu Dhabi,2024-11-26
CUST-10464,Bhavini Trivedi,mohanharinakshi@example.com,+919532347198,Abu Dhabi,2025-09-23
CUST-10465,Edhitha Banerjee,neelima99@example.org,2017909133,Abu Dhabi,2025-04-04
CUST-10466,Aarush Sawhney,onveer10@example.net,09254545310,Abu Dhabi,2025-06-17
CUST-10467,Joshua Dasgupta,samaksh44@example.com,00087496861,Dubai,2024-05-31
CUST-10468,Theodore Arora,bdhaliwal@example.org,+913820130616,Sharjah,2024-08-27
CUST-10469,Harshil Swaminathan,harishpatla@example.com,02825079459,Dubai,2024-03-01
CUST-10470,Kiaan Soman,onkar22@example.com,+917173869780,Sharjah,2025-02-17
CUST-10471,Balhaar Dey,edeshpande@example.org,02812557532,Abu Dhabi,2025-03-28
CUST-10472,Girik Seth,sandhufrado@example.org,+916479835378,Abu Dhabi,2025-07-01
CUST-10473,Balvan Shah,nagarajannimrat@example.org,3871545514,Dubai,2024-03-07
CUST-10474,Advaith Muni,narasimhangeetika@example.org,7895394616,Abu Dhabi,2025-07-23
CUST-10475,Gautam Nadkarni,uiyengar@example.com,+919128945960,Dubai,2024-08-20
CUST-10476,Bahadurjit Pillay,mmodi@example.com,08150853803,Ajman,2024-11-03
CUST-10477,Jatin Apte,nishasachdev@example.com,+915483722880,Abu Dhabi,2025-01-17
CUST-10478,Sai Seth,yashicawable@example.com,9824949104,Dubai,2024-12-27
CUST-10479,Yashodhara Basak,vrishtiborra@example.net,+917868476067,Sharjah,2024-02-07
CUST-10480,Raghav More,kalalaban@example.com,+917463197247,Ajman,2025-02-28
CUST-10481,Tamanna Suri,omfarhan@example.com,+919889850899,Ajman,2025-06-24
CUST-10482,Orinder Dani,udesai@example.net,+911178560582,Ajman,2024-02-21
CUST-10483,Ethan Patel,ndey@example.net,+910970034141,Sharjah,2025-12-14
CUST-10484,Hemang Sabharwal,mitali10@example.net,01043072439,Ajman,2024-08-13
CUST-10485,Utkarsh Pai,keya43@example.net,2243441813,Sharjah,2024-07-12
CUST-10486,Jairaj Jain,tchoudhary@example.org,09821834329,Abu Dhabi,2025-12-24
CUST-10487,Panini Konda,neel12@example.org,+916558430752,Sharjah,2024-04-20
CUST-10488,Raksha Solanki,ridhi84@example.net,5537292914,Abu Dhabi,2025-03-16
CUST-10489,Abdul Iyer,rghosh@example.org,+910337941372,Sharjah,2025-02-26
CUST-10490,Wakeeta Nagi,contractorcharvi@example.org,+910674631732,Abu Dhabi,2025-03-08
CUST-10491,Reva Bassi,cghose@example.net,03409944502,Sharjah,2025-09-03
CUST-10492,Chameli Palla,guhalekha@example.com,04542128287,Abu Dhabi,2025-03-11
CUST-10493,Vihaan Banik,borrashivansh@example.com,9768647725,Ajman,2025-04-14
CUST-10494,Rajeshri Luthra,banjeetghosh@example.net,+914881028707,Sharjah,2024-06-19
CUST-10495,Abeer Bhasin,abha73@example.net,+911801438422,Abu Dhabi,2024-08-06
CUST-10496,Hiral Bawa,balidalaja@example.net,8536342483,Dubai,2024-09-08
CUST-10497,Meera Mitter,pratyush15@example.com,3195163421,Ajman,2025-08-02
CUST-10498,Yug Chana,sinhalogan@example.net,6275028909,Ajman,2024-08-16
CUST-10499,Gautam Palan,siyabora@example.com,+912627692719,Sharjah,2025-01-07
